{
  "LinearRegression": {
    "precision": 1.0,
    "recall": 1.0,
    "f1_score": 1.0,
    "roc_auc": 1.0
  },
  "XGBoost": {
    "precision": 0.8074074074074075,
    "recall": 0.7730496453900709,
    "f1_score": 0.7898550724637681,
    "roc_auc": 0.8516631705124365
  },
  "LSTM": {
    "precision": 0.6252158894645942,
    "recall": 0.5134751773049645,
    "f1_score": 0.5638629283489096,
    "roc_auc": 0.600639296773549
  },
  "Prophet": {
    "precision": 0.5482062780269058,
    "recall": 0.6936170212765957,
    "f1_score": 0.6123982467125861,
    "roc_auc": 0.4919463590050944
  }
}