{
  "LinearRegression": {
    "mae": 8.029824494145916e-12,
    "rmse": 9.58931799670181e-12,
    "r2": 1.0,
    "mape_pct": 3.1566355725269893e-13,
    "directional_accuracy_pct": 99.84289080911233
  },
  "XGBoost": {
    "mae": 554.1976910426621,
    "rmse": 964.7633569208631,
    "r2": -0.42127758529996995,
    "mape_pct": 16.94174010604482,
    "directional_accuracy_pct": 77.2191673212883
  },
  "LSTM": {
    "mae": 695.8090352632273,
    "rmse": 1140.2377725600693,
    "r2": -0.9853091967715344,
    "mape_pct": 22.221842458240364,
    "directional_accuracy_pct": 55.85231736056559
  },
  "Prophet": {
    "mae": 399.93990929103074,
    "rmse": 698.2997946638145,
    "r2": 0.25540325116537,
    "mape_pct": 12.869163970373117,
    "directional_accuracy_pct": 51.374705420267084
  }
}